{
    "name": "randomthings:spectre",
    "mod": "randomthings",
    "sapling": {
        "name": "randomthings:spectresapling",
        "data": 0
    },
    "growTimeMultiplier": 1.5,
    "drops": [
        {
            "name": "minecraft:stick",
            "data": 0,
            "type": "STICK"
        },
        {
            "name": "randomthings:spectrelog",
            "data": 0,
            "type": "WOOD"
        },
        {
            "name": "randomthings:spectresapling",
            "data": 0,
            "type": "SAPLING"
        },
        {
            "name": "randomthings:spectreleaf",
            "data": 0,
            "type": "LEAVES"
        },
        {
            "name": "randomthings:ingredient",
            "data": 2,
            "type": "FRUIT"
        }
    ]
}