[{"u":"f2c13450-48b9-4d48-91f9-97ade3863b39","t":"valk"},{"u":"047c85e6-251a-47ba-9e0e-5866fe0fe8e2","t":"soul"},{"u":"cf310d63-b0a8-4180-84b9-2a8fd44e28a4","t":"rahl"},{"u":"07031d69-7ff2-4540-a010-cce0fa38f7ad","t":"saynt"},{"u":"5acddc83-8f80-4db6-9d98-56abd48e42d8","t":"swigg"},{"u":"7cf02e0b-e779-4cb4-97c5-413463461449","t":"zash"},{"u":"78541eaa-f31f-4a3c-8453-6b71038f0b7b","t":"litherite"},{"u":"759c61a8-0158-4a91-985a-ac7d128bb211","t":"kyronite"},{"u":"426d2390-6c6a-468d-91c8-785186dd54e3","t":"litherite"},{"u":"9e7a4c87-5fee-47d3-ab2a-67739189c6b3","t":"litherite"},{"u":"beebea94-e523-4a5f-af4a-ea4b15b2ad55","t":"litherite"},{"u":"46009b3d-3a40-4d72-bc85-34d7bf4f3911","t":"supporter"},{"u":"f1e6d556-6d72-49e1-b49c-5ac5745baecf","t":"moderator"},{"u":"bed274c9-2ef8-4d32-b01f-6763ceded4e8","t":"litherite"},{"u":"498b850c-2853-482f-bcd9-0f930acd312c","t":"litherite"}]